id,title,authors,abstract,categories,published,url,resource_uri,no,total_results
2604.08524v1,What Drives Representation Steering? A Mechanistic Case Study on Steering Refusal,"['Stephen Cheng', 'Sarah Wiegreffe', 'Dinesh Manocha']","Applying steering vectors to large language models (LLMs) is an efficient and effective model alignment technique, but we lack an interpretable explanation for how it works-- specifically, what internal mechanisms steering vectors affect and how this results in different model outputs. To investigate the causal mechanisms underlying the effectiveness of steering vectors, we conduct a comprehensive case study on refusal. We propose a multi-token activation patching framework and discover that different steering methodologies leverage functionally interchangeable circuits when applied at the same layer. These circuits reveal that steering vectors primarily interact with the attention mechanism through the OV circuit while largely ignoring the QK circuit-- freezing all attention scores during steering drops performance by only 8.75% across two model families. A mathematical decomposition of the steered OV circuit further reveals semantically interpretable concepts, even in cases where the steering vector itself does not. Leveraging the activation patching results, we show that steering vectors can be sparsified by up to 90-99% while retaining most performance, and that different steering methodologies agree on a subset of important dimensions.","['cs.LG', 'cs.AI', 'cs.CL']",2026-04-09T17:57:14+00:00,https://arxiv.org/pdf/2604.08524v1,arxiv://2604.08524v1,1,30
2604.08245v1,From Phenomenological Fitting to Endogenous Deduction: A Paradigm Leap via Meta-Principle Physics Architecture,"['Helong Hu', 'HongDan Pan', 'ShuiQing Hu']","The essence of current neural network architectures is phenomenological fitting: they learn input-output statistical correlations via massive parameters and data, yet lack intrinsic understanding of the fundamental principles governing physical reality. This paper proposes a paradigm leap from pure phenomenological fitting to the fusion of phenomenological fitting and endogenous deduction. By embedding physical meta-principles into neural network architecture, we construct the Meta-Principle Physics Architecture (MPPA).
  Specifically, MPPA embeds three core meta-principles - Connectivity, Conservation, Periodicity - into its architecture, implemented via three core components: the Gravitator realizes Connectivity via standard causal attention; the Energy Encoder implements Conservation via log-domain energy tracking and delayed compensation; the Periodicity Encoder fulfills Periodicity via FFT-based spectral analysis and delayed modulation. These components collaborate via a learnable independent gating fusion mechanism, forming a complete physical cognition framework of 'local relational connectivity - global conservation constraint - evolutionary periodic law'.
  Experiments show MPPA achieves significant improvements: physical reasoning (from near zero to 0.436, 0.436 vs 0.000), 2.18x mathematical task improvement (0.330 vs 0.151), 52% logical task gain (0.456 vs 0.300), and 3.69% lower validation perplexity (259.45 vs 269.40), with only 11.8% more parameters (242.40M vs 216.91M). Notably, MPPA shows strong generalization on out-of-distribution physical scenarios, proving the robustness and interpretability of this principle-embedded design. This work establishes a new theoretical foundation and technical path for next-generation AI with physical common sense, causal reasoning, and mathematical rigor.",['cs.AI'],2026-04-09T13:35:17+00:00,https://arxiv.org/pdf/2604.08245v1,arxiv://2604.08245v1,2,30
2604.08077v1,AdaSpark: Adaptive Sparsity for Efficient Long-Video Understanding,"['Handong Li', 'Zikang Liu', 'Longteng Guo', 'Tongtian Yue', 'Yepeng Tang', 'Xinxin Zhu', 'Chuanyang Zheng', 'Ziming Wang', 'Zhibin Wang', 'Jun Song', 'Cheng Yu', 'Bo Zheng', 'Jing Liu']","Processing long-form videos with Video Large Language Models (Video-LLMs) is computationally prohibitive. Current efficiency methods often compromise fine-grained perception through irreversible information disposal or inhibit long-range temporal modeling via rigid, predefined sparse patterns. This paper introduces AdaSpark, an adaptive sparsity framework designed to address these limitations. AdaSpark first partitions video inputs into 3D spatio-temporal cubes. It then employs two co-designed, context-aware components: (1) Adaptive Cube-Selective Attention (AdaS-Attn), which adaptively selects a subset of relevant video cubes to attend for each query token, and (2) Adaptive Token-Selective FFN (AdaS-FFN), which selectively processes only the most salient tokens within each cube. An entropy-based (Top-p) selection mechanism adaptively allocates computational resources based on input complexity. Experiments demonstrate that AdaSpark significantly reduces computational load by up to 57% FLOPs while maintaining comparable performance to dense models and preserving fine-grained, long-range dependencies, as validated on challenging hour-scale video benchmarks.",['cs.CV'],2026-04-09T10:48:32+00:00,https://arxiv.org/pdf/2604.08077v1,arxiv://2604.08077v1,3,30
2604.08050v1,ABMAMBA: Multimodal Large Language Model with Aligned Hierarchical Bidirectional Scan for Efficient Video Captioning,"['Daichi Yashima', 'Shuhei Kurita', 'Yusuke Oda', 'Shuntaro Suzuki', 'Seitaro Otsuki', 'Komei Sugiura']","In this study, we focus on video captioning by fully open multimodal large language models (MLLMs). The comprehension of visual sequences is challenging because of their intricate temporal dependencies and substantial sequence length. The core attention mechanisms of existing Transformer-based approaches scale quadratically with the sequence length, making them computationally prohibitive. To address these limitations, we propose Aligned Hierarchical Bidirectional Scan Mamba (ABMamba), a fully open MLLM with linear computational complexity that enables the scalable processing of video sequences. ABMamba extends Deep State Space Models as its language backbone, replacing the costly quadratic attention mechanisms, and employs a novel Aligned Hierarchical Bidirectional Scan module that processes videos across multiple temporal resolutions. On standard video captioning benchmarks such as VATEX and MSR-VTT, ABMamba demonstrates competitive performance compared to typical MLLMs while achieving approximately three times higher throughput.",['cs.CV'],2026-04-09T09:58:56+00:00,https://arxiv.org/pdf/2604.08050v1,arxiv://2604.08050v1,4,30
2604.07994v1,SAT: Selective Aggregation Transformer for Image Super-Resolution,"['Dinh Phu Tran', 'Thao Do', 'Saad Wazir', 'Seongah Kim', 'Seon Kwon Kim', 'Daeyoung Kim']","Transformer-based approaches have revolutionized image super-resolution by modeling long-range dependencies. However, the quadratic computational complexity of vanilla self-attention mechanisms poses significant challenges, often leading to compromises between efficiency and global context exploitation. Recent window-based attention methods mitigate this by localizing computations, but they often yield restricted receptive fields. To mitigate these limitations, we propose Selective Aggregation Transformer (SAT). This novel transformer efficiently captures long-range dependencies, leading to an enlarged model receptive field by selectively aggregating key-value matrices (reducing the number of tokens by 97\%) via our Density-driven Token Aggregation algorithm while maintaining the full resolution of the query matrix. This design significantly reduces computational costs, resulting in lower complexity and enabling scalable global interactions without compromising reconstruction fidelity. SAT identifies and represents each cluster with a single aggregation token, utilizing density and isolation metrics to ensure that critical high-frequency details are preserved. Experimental results demonstrate that SAT outperforms the state-of-the-art method PFT by up to 0.22dB, while the total number of FLOPs can be reduced by up to 27\%.",['cs.CV'],2026-04-09T09:02:58+00:00,https://arxiv.org/pdf/2604.07994v1,arxiv://2604.07994v1,5,30
2604.07969v1,Kathleen: Oscillator-Based Byte-Level Text Classification Without Tokenization or Attention,['George Fountzoulas'],"We present Kathleen, a text classification architecture that operates directly on raw UTF-8 bytes using frequency-domain processing -- requiring no tokenizer, no attention mechanism, and only 733K parameters. Kathleen introduces three novel components: (1) RecurrentOscillatorBanks -- damped sinusoid convolutions with temporal memory for O(L) sequence processing; (2) an FFT-Rotate Wavetable Encoder that maps all 256 byte values using a single learnable vector (256 floats), replacing conventional embedding tables (65K parameters) while improving accuracy; (3) PhaseHarmonics -- a sinusoidal non-linearity with just 6 learnable phase parameters that our ablation identifies as the single most impactful component (+2.6% accuracy, <0.001% of model parameters). Through comprehensive ablation of a 1.8M-parameter predecessor, we show that frequency-domain components systematically outperform complex cognitive architectures: removing a 560K-parameter bio-inspired framework costs only -0.2%, while removing the 6-parameter PhaseHarmonics costs -2.6%. The resulting Kathleen-Clean achieves 88.6% on IMDB, 92.3% on AG News, and 83.3% on SST-2 -- outperforming a tokenized counterpart with 16x more parameters on IMDB (+1.6%) and AG News (+2.1%). Kathleen processes sequences in O(L) time and memory, enabling byte-level operation at sequence lengths where O(L^2) Transformers exhaust GPU memory.",['cs.CL'],2026-04-09T08:34:53+00:00,https://arxiv.org/pdf/2604.07969v1,arxiv://2604.07969v1,6,30
2604.07958v1,ImVideoEdit: Image-learning Video Editing via 2D Spatial Difference Attention Blocks,"['Jiayang Xu', 'Fan Zhuo', 'Majun Zhang', 'Changhao Pan', 'Zehan Wang', 'Siyu Chen', 'Xiaoda Yang', 'Tao Jin', 'Zhou Zhao']","Current video editing models often rely on expensive paired video data, which limits their practical scalability. In essence, most video editing tasks can be formulated as a decoupled spatiotemporal process, where the temporal dynamics of the pretrained model are preserved while spatial content is selectively and precisely modified. Based on this insight, we propose ImVideoEdit, an efficient framework that learns video editing capabilities entirely from image pairs. By freezing the pre-trained 3D attention modules and treating images as single-frame videos, we decouple the 2D spatial learning process to help preserve the original temporal dynamics. The core of our approach is a Predict-Update Spatial Difference Attention module that progressively extracts and injects spatial differences. Rather than relying on rigid external masks, we incorporate a Text-Guided Dynamic Semantic Gating mechanism for adaptive and implicit text-driven modifications. Despite training on only 13K image pairs for 5 epochs with exceptionally low computational overhead, ImVideoEdit achieves editing fidelity and temporal consistency comparable to larger models trained on extensive video datasets.",['cs.CV'],2026-04-09T08:22:09+00:00,https://arxiv.org/pdf/2604.07958v1,arxiv://2604.07958v1,7,30
2604.07925v1,Sinkhorn doubly stochastic attention rank decay analysis,"['Michela Lapenna', 'Rita Fioresi', 'Bahman Gharesifard']","The self-attention mechanism is central to the success of Transformer architectures. However, standard row-stochastic attention has been shown to suffer from significant signal degradation across layers. In particular, it can induce rank collapse, resulting in increasingly uniform token representations, as well as entropy collapse, characterized by highly concentrated attention distributions. Recent work has highlighted the benefits of doubly stochastic attention as a form of entropy regularization, promoting a more balanced attention distribution and leading to improved empirical performance. In this paper, we study rank collapse across network depth and show that doubly stochastic attention matrices normalized with Sinkhorn algorithm preserve rank more effectively than standard Softmax row-stochastic ones. As previously shown for Softmax, skip connections are crucial to mitigate rank collapse. We empirically validate this phenomenon on both sentiment analysis and image classification tasks. Moreover, we derive a theoretical bound for the pure self-attention rank decay when using Sinkhorn normalization and find that rank decays to one doubly exponentially with depth, a phenomenon that has already been shown for Softmax.","['cs.LG', 'cs.AI', 'math.OC']",2026-04-09T07:46:18+00:00,https://arxiv.org/pdf/2604.07925v1,arxiv://2604.07925v1,8,30
2604.07911v1,Dynamic Attentional Context Scoping: Agent-Triggered Focus Sessions for Isolated Per-Agent Steering in Multi-Agent LLM Orchestration,['Nickson Patel'],"Multi-agent LLM orchestration systems suffer from context pollution: when N concurrent agents compete for the orchestrator's context window, each agent's task state, partial outputs, and pending questions contaminate the steering interactions of every other agent, degrading decision quality. We introduce Dynamic Attentional Context Scoping (DACS), a mechanism in which the orchestrator operates in two asymmetric modes. In Registry mode it holds only lightweight per-agent status summaries (<=200 tokens each), remaining responsive to all agents and the user. When an agent emits a SteeringRequest, the orchestrator enters Focus(a_i) mode, injecting the full context of agent a_i while compressing all other agents to their registry entries. Context isolation is agent-triggered, asymmetric, and deterministic: the context window contains exactly F(a_i) + R_{-i} during steering, eliminating cross-agent contamination without requiring context compression or retrieval. We evaluate DACS across four experimental phases totalling 200 trials: Phase 1 tests N in {3,5,10} (60 trials); Phase 2 tests agent heterogeneity and adversarial dependencies (60 trials); Phase 3 tests decision density up to D=15 (40 trials); Phase 4 uses autonomous LLM agents for free-form questions (40 trials, Claude Haiku 4.5). Across all 8 synthetic scenarios, DACS achieves 90.0--98.4% steering accuracy versus 21.0--60.0% for a flat-context baseline (p < 0.0001 throughout), with wrong-agent contamination falling from 28--57% to 0--14% and context efficiency ratios of up to 3.53x. The accuracy advantage grows with N and D; keyword matching is validated by LLM-as-judge across all phases (mean kappa=0.909). DACS outperforms the flat-context baseline by +17.2pp at N=3 (p=0.0023) and +20.4pp at N=5 (p=0.0008) in Phase 4, with the advantage growing with N confirmed by two independent judges.","['cs.MA', 'cs.AI', 'cs.LG']",2026-04-09T07:26:42+00:00,https://arxiv.org/pdf/2604.07911v1,arxiv://2604.07911v1,9,30
2604.07904v1,Kuramoto Oscillatory Phase Encoding: Neuro-inspired Synchronization for Improved Learning Efficiency,"['Mingqing Xiao', 'Yansen Wang', 'Dongqi Han', 'Caihua Shan', 'Dongsheng Li']","Spatiotemporal neural dynamics and oscillatory synchronization are widely implicated in biological information processing and have been hypothesized to support flexible coordination such as feature binding. By contrast, most deep learning architectures represent and propagate information through activation values, neglecting the joint dynamics of rate and phase. In this work, we introduce Kuramoto oscillatory Phase Encoding (KoPE) as an additional, evolving phase state to Vision Transformers, incorporating a neuro-inspired synchronization mechanism to advance learning efficiency. We show that KoPE can improve training, parameter, and data efficiency of vision models through synchronization-enhanced structure learning. Moreover, KoPE benefits tasks requiring structured understanding, including semantic and panoptic segmentation, representation alignment with language, and few-shot abstract visual reasoning (ARC-AGI). Theoretical analysis and empirical verification further suggest that KoPE can accelerate attention concentration for learning efficiency. These results indicate that synchronization can serve as a scalable, neuro-inspired mechanism for advancing state-of-the-art neural network models.","['cs.LG', 'cs.CV', 'cs.NE']",2026-04-09T07:19:50+00:00,https://arxiv.org/pdf/2604.07904v1,arxiv://2604.07904v1,10,30
2604.07894v1,TSUBASA: Improving Long-Horizon Personalization via Evolving Memory and Self-Learning with Context Distillation,"['Xinliang Frederick Zhang', 'Lu Wang']","Personalized large language models (PLLMs) have garnered significant attention for their ability to align outputs with individual's needs and preferences. However, they still struggle with long-horizon tasks, such as tracking a user's extensive history of conversations or activities. Existing memory mechanisms often fail to capture evolving behaviors, and RAG paradigms are trapped by a quality-efficiency tradeoff. Meanwhile, parametric adaptation is bottlenecked by train-inference gap due to the scarcity of labeled data. To enhance the long-horizon capabilities of PLLMs, we introduce TSUBASA, a two-pronged approach designed to improve memory writing via dynamic memory evolution, and memory reading via self-learning with a context distillation objective to internalize user experiences. Extensive evaluations on long-horizon benchmarks using the Qwen-3 model family (4B to 32B) validate the effectiveness of TSUBASA, surpassing competitive memory-augmented systems that rely primarily on memory writing, such as Mem0 and Memory-R1. Our analyses further confirms that TSUBASA breaks the quality-efficiency barrier to achieve Pareto improvements, delivering robust, high-fidelity personalization with a reduced token budget.","['cs.CL', 'cs.AI']",2026-04-09T07:04:19+00:00,https://arxiv.org/pdf/2604.07894v1,arxiv://2604.07894v1,11,30
2604.07740v1,Beyond Pedestrians: Caption-Guided CLIP Framework for High-Difficulty Video-based Person Re-Identification,"['Shogo Hamano', 'Shunya Wakasugi', 'Tatsuhito Sato', 'Sayaka Nakamura']","In recent years, video-based person Re-Identification (ReID) has gained attention for its ability to leverage spatiotemporal cues to match individuals across non-overlapping cameras. However, current methods struggle with high-difficulty scenarios, such as sports and dance performances, where multiple individuals wear similar clothing while performing dynamic movements. To overcome these challenges, we propose CG-CLIP, a novel caption-guided CLIP framework that leverages explicit textual descriptions and learnable tokens. Our method introduces two key components: Caption-guided Memory Refinement (CMR) and Token-based Feature Extraction (TFE). CMR utilizes captions generated by Multi-modal Large Language Models (MLLMs) to refine identity-specific features, capturing fine-grained details. TFE employs a cross-attention mechanism with fixed-length learnable tokens to efficiently aggregate spatiotemporal features, reducing computational overhead. We evaluate our approach on two standard datasets (MARS and iLIDS-VID) and two newly constructed high-difficulty datasets (SportsVReID and DanceVReID). Experimental results demonstrate that our method outperforms current state-of-the-art approaches, achieving significant improvements across all benchmarks.","['cs.CV', 'cs.AI']",2026-04-09T02:55:51+00:00,https://arxiv.org/pdf/2604.07740v1,arxiv://2604.07740v1,12,30
2604.07737v1,SepSeq: A Training-Free Framework for Long Numerical Sequence Processing in LLMs,"['Jie Sun', 'Yu Liu', 'Lu Han', 'Qiwen Deng', 'Xiang Shu', 'Yang Xiao', 'Xingyu Lu', 'Jun Zhou', 'Pengfei Liu', 'Lintao Ma', 'Jiancan Wu', 'Xiang Wang']","While transformer-based Large Language Models (LLMs) theoretically support massive context windows, they suffer from severe performance degradation when processing long numerical sequences. We attribute this failure to the attention dispersion in the Softmax mechanism, which prevents the model from concentrating attention. To overcome this, we propose Separate Sequence (SepSeq), a training-free, plug-and-play framework to mitigate dispersion by strategically inserting separator tokens. Mechanistically, we demonstrate that separator tokens act as an attention sink, recalibrating attention to focus on local segments while preserving global context. Extensive evaluations on 9 widely-adopted LLMs confirm the effectiveness of our approach: SepSeq yields an average relative accuracy improvement of 35.6% across diverse domains while reducing total inference token consumption by 16.4% on average.",['cs.CL'],2026-04-09T02:40:34+00:00,https://arxiv.org/pdf/2604.07737v1,arxiv://2604.07737v1,13,30
2604.07692v1,"Tree-of-Evidence: Efficient ""System 2"" Search for Faithful Multimodal Grounding","['Micky C. Nnamdi', 'Benoit L. Marteau', 'Yishan Zhong', 'J. Ben Tamo', 'May D. Wang']","Large Multimodal Models (LMMs) achieve state-of-the-art performance in high-stakes domains like healthcare, yet their reasoning remains opaque. Current interpretability methods, such as attention mechanisms or post-hoc saliency, often fail to faithfully represent the model's decision-making process, particularly when integrating heterogeneous modalities like time-series and text. We introduce Tree-of-Evidence (ToE), an inference-time search algorithm that frames interpretability as a discrete optimization problem. Rather than relying on soft attention weights, ToE employs lightweight Evidence Bottlenecks that score coarse groups or units of data (e.g., vital-sign windows, report sentences) and performs a beam search to identify the compact evidence set required to reproduce the model's prediction. We evaluate ToE across six tasks spanning three datasets and two domains: four clinical prediction tasks on MIMIC-IV, cross-center validation on eICU, and non-clinical fault detection on LEMMA-RCA. ToE produces auditable evidence traces while maintaining predictive performance, retaining over 0.98 of full-model AUROC with as few as five evidence units across all settings. Under sparse evidence budgets, ToE achieves higher decision agreement and lower probability fidelity error than other approaches. Qualitative analyses show that ToE adapts its search strategy: it often resolves straightforward cases using only vitals, while selectively incorporating text when physiological signals are ambiguous. ToE therefore provides a practical mechanism for auditing multimodal models by revealing which discrete evidence units support each prediction.",['cs.LG'],2026-04-09T01:28:14+00:00,https://arxiv.org/pdf/2604.07692v1,arxiv://2604.07692v1,14,30
2604.07691v1,Designing Annotations in Visualization: Considerations from Visualization Practitioners and Educators,"['Md Dilshadur Rahman', 'Devin Lange', 'Ghulam Jilani Quadri', 'Paul Rosen']","Annotation is a central mechanism in visualization design that enables people to communicate key insights. Prior research has provided essential accounts of the visual forms annotations take, but less attention has been paid to the decisions behind them. This paper examines how annotations are designed in practice and how educators reflect on those practices. We conducted a two-phase qualitative study: interviews with ten practitioners from diverse backgrounds revealed the heuristics they draw on when creating annotations, and interviews with seven visualization educators offered complementary perspectives situated within broader concerns of clarity, guidance, and viewer agency. These studies provide a systematic account of annotation design knowledge in professional settings, highlighting the considerations, trade-offs, and contextual judgments that shape the use of annotations. By making this tacit expertise explicit, our work complements prior form-focused studies, strengthens understanding of annotation as a design activity, and points to opportunities for improved tool and guideline support.",['cs.HC'],2026-04-09T01:26:27+00:00,https://arxiv.org/pdf/2604.07691v1,arxiv://2604.07691v1,15,30
2604.07658v1,Optimal Decay Spectra for Linear Recurrences,['Yang Cao'],"Linear recurrent models offer linear-time sequence processing but often suffer from suboptimal long-range memory. We trace this to the decay spectrum: for $N$ channels, random initialization collapses the minimum spectral gap to $O(N^{-2})$, yielding sub-exponential error $\exp(-Ω(N/\log N))$; linear spacing avoids collapse but degrades to $\exp(-O(N/\sqrt{T}))$, practically algebraic over long contexts. We introduce Position-Adaptive Spectral Tapering (PoST), an architecture-agnostic framework combining two mechanisms: (1) Spectral Reparameterization, which structurally enforces geometrically spaced log-decay rates, proven minimax optimal at rate $O(\exp(-cN/\log T))$; and (2) Position-Adaptive Scaling, the provably unique mechanism that eliminates the scale mismatch of static spectra (where only $N\log t/\log T$ of $N$ channels are effective at position $t$) by stretching the spectrum to the actual dependency range, sharpening the rate to $O(\exp(-cN/\log t))$. This scaling natively induces fractional invariance: the impulse response becomes scale-free, with channels interpolating between relative and absolute temporal coordinates. PoST integrates into any diagonal linear recurrence without overhead. We instantiate it across Mamba-2, RWKV-7, Gated DeltaNet, Gated Linear Attention, and RetNet. Pre-training at 180M-440M scales shows consistent zero-shot language modeling improvements, significant long-context retrieval gains for Mamba-2 (MQAR and NIAH), and competitive or improved performance across other architectures. Code: https://github.com/SiLifen/PoST.","['cs.LG', 'cs.AI', 'cs.CL']",2026-04-08T23:54:57+00:00,https://arxiv.org/pdf/2604.07658v1,arxiv://2604.07658v1,16,30
2604.07578v1,MSGL-Transformer: A Multi-Scale Global-Local Transformer for Rodent Social Behavior Recognition,"['Muhammad Imran Sharif', 'Doina Caragea']","Recognition of rodent behavior is important for understanding neural and behavioral mechanisms. Traditional manual scoring is time-consuming and prone to human error. We propose MSGL-Transformer, a Multi-Scale Global-Local Transformer for recognizing rodent social behaviors from pose-based temporal sequences. The model employs a lightweight transformer encoder with multi-scale attention to capture motion dynamics across different temporal scales. The architecture integrates parallel short-range, medium-range, and global attention branches to explicitly capture behavior dynamics at multiple temporal scales. We also introduce a Behavior-Aware Modulation (BAM) block, inspired by SE-Networks, which modulates temporal embeddings to emphasize behavior-relevant features prior to attention. We evaluate on two datasets: RatSI (5 behavior classes, 12D pose inputs) and CalMS21 (4 behavior classes, 28D pose inputs). On RatSI, MSGL-Transformer achieves 75.4% mean accuracy and F1-score of 0.745 across nine cross-validation splits, outperforming TCN, LSTM, and Bi-LSTM. On CalMS21, it achieves 87.1% accuracy and F1-score of 0.8745, a +10.7% improvement over HSTWFormer, and outperforms ST-GCN, MS-G3D, CTR-GCN, and STGAT. The same architecture generalizes across both datasets with only input dimensionality and number of classes adjusted.",['cs.CV'],2026-04-08T20:34:47+00:00,https://arxiv.org/pdf/2604.07578v1,arxiv://2604.07578v1,17,30
2604.07210v1,VersaVogue: Visual Expert Orchestration and Preference Alignment for Unified Fashion Synthesis,"['Jian Yu', 'Fei Shen', 'Cong Wang', 'Yi Xin', 'Si Shen', 'Xiaoyu Du', 'Jinhui Tang']","Diffusion models have driven remarkable advancements in fashion image generation, yet prior works usually treat garment generation and virtual dressing as separate problems, limiting their flexibility in real-world fashion workflows. Moreover, fashion image synthesis under multi-source heterogeneous conditions remains challenging, as existing methods typically rely on simple feature concatenation or static layer-wise injection, which often causes attribute entanglement and semantic interference. To address these issues, we propose VersaVogue, a unified framework for multi-condition controllable fashion synthesis that jointly supports garment generation and virtual dressing, corresponding to the design and showcase stages of the fashion lifecycle. Specifically, we introduce a trait-routing attention (TA) module that leverages a mixture-of-experts mechanism to dynamically route condition features to the most compatible experts and generative layers, enabling disentangled injection of visual attributes such as texture, shape, and color. To further improve realism and controllability, we develop an automated multi-perspective preference optimization (MPO) pipeline that constructs preference data without human annotation or task-specific reward models. By combining evaluators of content fidelity, textual alignment, and perceptual quality, MPO identifies reliable preference pairs, which are then used to optimize the model via direct preference optimization (DPO). Extensive experiments on both garment generation and virtual dressing benchmarks demonstrate that VersaVogue consistently outperforms existing methods in visual fidelity, semantic consistency, and fine-grained controllability.",['cs.CV'],2026-04-08T15:31:30+00:00,https://arxiv.org/pdf/2604.07210v1,arxiv://2604.07210v1,18,30
2604.07026v1,Not all tokens contribute equally to diffusion learning,"['Guoqing Zhang', 'Lu Shi', 'Wanru Xu', 'Linna Zhang', 'Sen Wang', 'Fangfang Wang', 'Yigang Cen']","With the rapid development of conditional diffusion models, significant progress has been made in text-to-video generation. However, we observe that these models often neglect semantically important tokens during inference, leading to biased or incomplete generations under classifier-free guidance. We attribute this issue to two key factors: distributional bias caused by the long-tailed token frequency in training data, and spatial misalignment in cross-attention where semantically important tokens are overshadowed by less informative ones. To address these issues, we propose Distribution-Aware Rectification and Spatial Ensemble (DARE), a unified framework that improves semantic guidance in diffusion models from the perspectives of distributional debiasing and spatial consistency. First, we introduce Distribution-Rectified Classifier-Free Guidance (DR-CFG), which regularizes the training process by dynamically suppressing dominant tokens with low semantic density, encouraging the model to better capture underrepresented semantic cues and learn a more balanced conditional distribution. This design mitigates the risk of the model distribution overfitting to tokens with low semantic density. Second, we propose Spatial Representation Alignment (SRA), which adaptively reweights cross-attention maps according to token importance and enforces representation consistency, enabling semantically important tokens to exert stronger spatial guidance during generation. This mechanism effectively prevents low semantic-density tokens from dominating the attention allocation, thereby avoiding the dilution of the spatial and distributional guidance provided by high semantic-density tokens. Extensive experiments on multiple benchmark datasets demonstrate that DARE consistently improves generation fidelity and semantic alignment, achieving significant gains over existing approaches.",['cs.CV'],2026-04-08T12:45:21+00:00,https://arxiv.org/pdf/2604.07026v1,arxiv://2604.07026v1,19,30
2604.07018v1,Time Series Gaussian Chain Graph Models,"['Qin Fang', 'Xinghao Qiao', 'Zihan Wang']","Time series graphical models have recently received considerable attention for characterizing (conditional) dependence structures in multivariate time series. In many applications, the multivariate series exhibit variable-partitioned blockwise dependence, with distinct patterns within and across blocks. In this paper, we introduce a new class of time series Gaussian chain graph models that represent contemporaneous and lagged causal relations via directed edges across blocks, while capturing within-block conditional dependencies through undirected edges. In the frequency domain, this formulation induces a cross-frequency shared group sparse plus group low-rank decomposition of the inverse spectral density matrices, which we exploit to establish identifiability of the time series chain graph structure. Building on this, we then propose a three-stage learning procedure for estimating the undirected and directed edge sets, which involves optimizing a regularized Whittle likelihood with a group lasso penalty to encourage group sparsity and a novel tensor-unfolding nuclear norm penalty to enforce group low-rank structure. We investigate the asymptotic properties of the proposed method, ensuring its consistency for exact recovery of the chain graph structure. The superior empirical performance of the proposed method is demonstrated through both extensive simulation studies and an application to U.S. macroeconomic data that highlights key monetary policy transmission mechanisms.","['stat.ME', 'stat.ML']",2026-04-08T12:36:51+00:00,https://arxiv.org/pdf/2604.07018v1,arxiv://2604.07018v1,20,30
2604.06971v1,RieIF: Knowledge-Driven Riemannian Information Flow for Robust Spatio-Temporal Graph Signal Prediction in 6G Wireless Networks,"['Zhonghao Jiu', 'Yongming Huang', 'Fan Meng', 'Hang Zhan', 'Zening Liu', 'Xiaohu You']","With 6G evolving towards intelligent network autonomy, artificial intelligence (AI)-native operations are becoming pivotal. Wireless networks continuously generate rich and heterogeneous data, which inherently exhibits spatio-temporal graph structure. However, limited radio resources result in incomplete and noisy network measurements. This challenge is further intensified when a target variable and its strongest correlates are missing over contiguous intervals, forming systemic blind spots. To tackle this issue, we propose RieIF (Knowledge-driven Riemannian Information Flow), a geometry-consistent framework that incorporates knowledge graphs (KGs) for robust spatio-temporal graph signal prediction. For analytical tractability within the Fisher-Rao geometry, we project the input from a Riemannian manifold onto a positive unit hypersphere, where angular similarity is computationally efficient. This projection is implemented via a graph transformer, using the KG as a structural prior to constrain attention and generate a micro stream. Simultaneously, a Long Short-Term Memory (LSTM) model captures temporal dynamics to produce a macro stream. Finally, the micro stream (highlighting geometric shape) and the macro stream (emphasizing signal strength) are adaptively fused through a geometric gating mechanism for signal recovery. Experiments on three wireless datasets show consistent improvements under systemic blind spots, including up to 31% reduction in root mean squared error and up to 3.2 dB gain in recovery signal-to-noise ratio, while maintaining robustness to graph sparsity and measurement noise.",['eess.SP'],2026-04-08T11:42:33+00:00,https://arxiv.org/pdf/2604.06971v1,arxiv://2604.06971v1,21,30
2604.06955v1,TRAPTI: Time-Resolved Analysis for SRAM Banking and Power Gating Optimization in Embedded Transformer Inference,"['Jan Klhufek', 'Alberto Marchisio', 'Vojtech Mrazek', 'Lukas Sekanina', 'Muhammad Shafique']","Transformer neural networks achieve state-of-the-art accuracy across language and vision tasks, but their deployment on embedded hardware is hindered by stringent area, latency, and energy constraints. During inference, performance and efficiency are increasingly dominated by the Key--Value (KV) cache, whose memory footprint grows with sequence length, straining on-chip memory utilization. Although existing mechanisms such as Grouped-Query Attention (GQA) reduce KV cache requirements compared to Multi-Head Attention (MHA), effectively exploiting this reduction requires understanding how on-chip memory demand evolves over time. This work presents TRAPTI, a two-stage methodology that combines cycle-level inference simulation with time-resolved analysis of on-chip memory occupancy to guide design decisions. In the first stage, the framework obtains memory occupancy traces and memory access statistics from simulation. In the second stage, the framework leverages the traces to explore banked memory organizations and power-gating configurations in an offline optimization flow. We apply this methodology to GPT-2 XL and DeepSeek-R1-Distill-Qwen-1.5B under the same accelerator configuration, enabling a direct comparison of MHA and GQA memory profiles. The analysis shows that DeepSeek-R1-Distill-Qwen-1.5B exhibits a 2.72x reduction in peak on-chip memory utilization in this setting compared to GPT-2 XL, unlocking further opportunities for power-gating optimization.",['cs.AR'],2026-04-08T11:15:52+00:00,https://arxiv.org/pdf/2604.06955v1,arxiv://2604.06955v1,22,30
2604.06912v1,Q-Zoom: Query-Aware Adaptive Perception for Efficient Multimodal Large Language Models,"['Yuheng Shi', 'Xiaohuan Pei', 'Linfeng Wen', 'Minjing Dong', 'Chang Xu']","MLLMs require high-resolution visual inputs for fine-grained tasks like document understanding and dense scene perception. However, current global resolution scaling paradigms indiscriminately flood the quadratic self-attention mechanism with visually redundant tokens, severely bottlenecking inference throughput while ignoring spatial sparsity and query intent. To overcome this, we propose Q-Zoom, a query-aware adaptive high-resolution perception framework that operates in an efficient coarse-to-fine manner. First, a lightweight Dynamic Gating Network safely bypasses high-resolution processing when coarse global features suffice. Second, for queries demanding fine-grained perception, a Self-Distilled Region Proposal Network (SD-RPN) precisely localizes the task-relevant Region-of-Interest (RoI) directly from intermediate feature spaces. To optimize these modules efficiently, the gating network uses a consistency-aware generation strategy to derive deterministic routing labels, while the SD-RPN employs a fully self-supervised distillation paradigm. A continuous spatio-temporal alignment scheme and targeted fine-tuning then seamlessly fuse the dense local RoI with the coarse global layout. Extensive experiments demonstrate that Q-Zoom establishes a dominant Pareto frontier. Using Qwen2.5-VL-7B as a primary testbed, Q-Zoom accelerates inference by 2.52 times on Document & OCR benchmarks and 4.39 times in High-Resolution scenarios while matching the baseline's peak accuracy. Furthermore, when configured for maximum perceptual fidelity, Q-Zoom surpasses the baseline's peak performance by 1.1% and 8.1% on these respective benchmarks. These robust improvements transfer seamlessly to Qwen3-VL, LLaVA, and emerging RL-based thinking-with-image models. Project page is available at https://yuhengsss.github.io/Q-Zoom/.","['cs.CV', 'cs.AI']",2026-04-08T10:12:30+00:00,https://arxiv.org/pdf/2604.06912v1,arxiv://2604.06912v1,23,30
2604.06789v1,Video-guided Machine Translation with Global Video Context,"['Jian Chen', 'JinZe Lv', 'Zi Long', 'XiangHua Fu']","Video-guided Multimodal Translation (VMT) has advanced significantly in recent years. However, most existing methods rely on locally aligned video segments paired one-to-one with subtitles, limiting their ability to capture global narrative context across multiple segments in long videos. To overcome this limitation, we propose a globally video-guided multimodal translation framework that leverages a pretrained semantic encoder and vector database-based subtitle retrieval to construct a context set of video segments closely related to the target subtitle semantics. An attention mechanism is employed to focus on highly relevant visual content, while preserving the remaining video features to retain broader contextual information. Furthermore, we design a region-aware cross-modal attention mechanism to enhance semantic alignment during translation. Experiments on a large-scale documentary translation dataset demonstrate that our method significantly outperforms baseline models, highlighting its effectiveness in long-video scenarios.","['cs.CV', 'cs.CL']",2026-04-08T07:57:05+00:00,https://arxiv.org/pdf/2604.06789v1,arxiv://2604.06789v1,24,30
2604.07394v1,Flux Attention: Context-Aware Hybrid Attention for Efficient LLMs Inference,"['Quantong Qiu', 'Zhiyi Hong', 'Yi Yang', 'Haitian Wang', 'Kebin Liu', 'Qingqing Dang', 'Juntao Li', 'Min Zhang']","The quadratic computational complexity of standard attention mechanisms presents a severe scalability bottleneck for LLMs in long-context scenarios. While hybrid attention mechanisms combining Full Attention (FA) and Sparse Attention (SA) offer a potential solution, existing methods typically rely on static allocation ratios that fail to accommodate the variable retrieval demands of different tasks. Furthermore, head-level dynamic sparsity often introduces severe computational load imbalance and synchronization long-tails, which hinder hardware acceleration during autoregressive decoding. To bridge this gap, we introduce Flux Attention, a context-aware framework that dynamically optimizes attention computation at the layer level. By integrating a lightweight Layer Router into frozen pretrained LLMs, the proposed method adaptively routes each layer to FA or SA based on the input context. This layer-wise routing preserves high-fidelity information retrieval while ensuring contiguous memory access, translating theoretical computational reductions into practical wall-clock speedups. As a parameter-efficient approach, our framework requires only 12 hours of training on 8$\times$A800 GPUs. Extensive experiments across multiple long-context and mathematical reasoning benchmarks demonstrate that Flux Attention achieves a superior trade-off between performance and inference speed compared with baseline models, with speed improvements of up to $2.8\times$ and $2.0\times$ in the prefill and decode stages.","['cs.LG', 'cs.CL']",2026-04-08T07:36:17+00:00,https://arxiv.org/pdf/2604.07394v1,arxiv://2604.07394v1,25,30
2604.06752v1,Busemann energy-based attention for emotion analysis in Poincaré discs,"['Zinaid Kapić', 'Vladimir Jaćimović']","We present EmBolic - a novel fully hyperbolic deep learning architecture for fine-grained emotion analysis from textual messages. The underlying idea is that hyperbolic geometry efficiently captures hierarchies between both words and emotions. In our context, these hierarchical relationships arise from semantic ambiguities. EmBolic aims to infer the curvature on the continuous space of emotions, rather than treating them as a categorical set without any metric structure. In the heart of our architecture is the attention mechanism in the hyperbolic disc. The model is trained to generate queries (points in the hyperbolic disc) from textual messages, while keys (points at the boundary) emerge automatically from the generated queries. Predictions are based on the Busemann energy between queries and keys, evaluating how well a certain textual message aligns with the class directions representing emotions. Our experiments demonstrate strong generalization properties and reasonably good prediction accuracy even for small dimensions of the representation space. Overall, this study supports our claim that affective computing is one of the application domains where hyperbolic representations are particularly advantageous.",['cs.LG'],2026-04-08T07:19:52+00:00,https://arxiv.org/pdf/2604.06752v1,arxiv://2604.06752v1,26,30
2604.06744v1,DAT-CFTNet: Speech Enhancement for Cochlear Implant Recipients using Attention-based Dual-Path Recurrent Neural Network,"['Nursadul Mamun', 'John H. L. Hansen']","The human auditory system has the ability to selectively focus on key speech elements in an audio stream while giving secondary attention to less relevant areas such as noise or distortion within the background, dynamically adjusting its attention over time. Inspired by the recent success of attention models, this study introduces a dual-path attention module in the bottleneck layer of a concurrent speech enhancement network. Our study proposes an attention-based dual-path RNN (DAT-RNN), which, when combined with the modified complex-valued frequency transformation network (CFTNet), forms the DAT-CFTNet. This attention mechanism allows for precise differentiation between speech and noise in time-frequency (T-F) regions of spectrograms, optimizing both local and global context information processing in the CFTNet. Our experiments suggest that the DAT-CFTNet leads to consistently improved performance over the existing models, including CFTNet and DCCRN, in terms of speech intelligibility and quality. Moreover, the proposed model exhibits superior performance in enhancing speech intelligibility for cochlear implant (CI) recipients, who are known to have severely limited T-F hearing restoration (e.g., >10%) in CI listener studies in noisy settings show the proposed solution is capable of suppressing non-stationary noise, avoiding the musical artifacts often seen in traditional speech enhancement methods. The implementation of the proposed model will be publicly available.",['eess.AS'],2026-04-08T07:10:34+00:00,https://arxiv.org/pdf/2604.06744v1,arxiv://2604.06744v1,27,30
2604.06715v1,HQF-Net: A Hybrid Quantum-Classical Multi-Scale Fusion Network for Remote Sensing Image Segmentation,"['Md Aminur Hossain', 'Ayush V. Patel', 'Siddhant Gole', 'Sanjay K. Singh', 'Biplab Banerjee']","Remote sensing semantic segmentation requires models that can jointly capture fine spatial details and high-level semantic context across complex scenes. While classical encoder-decoder architectures such as U-Net remain strong baselines, they often struggle to fully exploit global semantics and structured feature interactions. In this work, we propose HQF-Net, a hybrid quantum-classical multi-scale fusion network for remote sensing image segmentation. HQF-Net integrates multi-scale semantic guidance from a frozen DINOv3 ViT-L/16 backbone with a customized U-Net architecture through a Deformable Multiscale Cross-Attention Fusion (DMCAF) module. To enhance feature refinement, the framework further introduces quantum-enhanced skip connections (QSkip) and a Quantum bottleneck with Mixture-of-Experts (QMoE), which combines complementary local, global, and directional quantum circuits within an adaptive routing mechanism. Experiments on three remote sensing benchmarks show consistent improvements with the proposed design. HQF-Net achieves 0.8568 mIoU and 96.87% overall accuracy on LandCover.ai, 71.82% mIoU on OpenEarthMap, and 55.28% mIoU with 99.37% overall accuracy on SeasoNet. An architectural ablation study further confirms the contribution of each major component. These results show that structured hybrid quantum-classical feature processing is a promising direction for improving remote sensing semantic segmentation under near-term quantum constraints.","['cs.CV', 'cs.AI']",2026-04-08T06:21:45+00:00,https://arxiv.org/pdf/2604.06715v1,arxiv://2604.06715v1,28,30
2604.07390v1,A Graph Foundation Model for Wireless Resource Allocation,"['Yucheng Sheng', 'Jiacheng Wang', 'Le Liang', 'Hao Ye', 'Shi Jin']","The aggressive densification of modern wireless networks necessitates judicious resource allocation to mitigate severe mutual interference. However, classical iterative algorithms remain computationally prohibitive for real-time applications requiring rapid responsiveness. While recent deep learning-based methods show promise, they typically function as task-specific solvers lacking the flexibility to adapt to different objectives and scenarios without expensive retraining. To address these limitations, we propose a graph foundation model for resource allocation (GFM-RA) based on a pre-training and fine-tuning paradigm to extract unified representations, thereby enabling rapid adaptation to different objectives and scenarios. Specifically, we introduce an interference-aware Transformer architecture with a bias projector that injects interference topologies into global attention mechanisms. Furthermore, we develop a hybrid self-supervised pre-training strategy that synergizes masked edge prediction with negative-free Teacher-Student contrastive learning, enabling the model to capture transferable structural representations from massive unlabeled datasets. Extensive experiments demonstrate that the proposed framework achieves state-of-the-art performance and scales effectively with increased model capacity. Crucially, leveraging its unified representations, the foundation model exhibits exceptional sample efficiency, enabling robust few-shot adaptation to diverse and unsupervised downstream objectives in out-of-distribution (OOD) scenarios. These results demonstrate the promise of pre-trained foundation models for adaptable wireless resource allocation and provide a strong foundation for future research on generalizable learning-based wireless optimization.","['cs.LG', 'cs.IT']",2026-04-08T06:07:28+00:00,https://arxiv.org/pdf/2604.07390v1,arxiv://2604.07390v1,29,30
2604.06694v1,AudioKV: KV Cache Eviction in Efficient Large Audio Language Models,"['Yuxuan Wang', 'Peize He', 'Xiyan Gui', 'Xiaoqian Liu', 'Junhao He', 'Xuyang Liu', 'Zichen Wen', 'Xuming Hu', 'Linfeng Zhang']","Large Audio-Language Models (LALMs) have set new benchmarks in speech processing, yet their deployment is hindered by the memory footprint of the Key-Value (KV) cache during long-context inference. While general KV cache compression techniques excel in LLMs, they often fail in the audio domain by overlooking the intrinsic temporal continuity of acoustic signals. To bridge this gap, we propose AudioKV, a novel framework that robustly prioritizes audio-critical attention heads through a hardware-friendly semantic-acoustic alignment mechanism. Specifically, we identify these modality-specialized heads by analyzing attention scores in ASR tasks and dynamically allocate KV cache budgets preferentially to them. Furthermore, we introduce Spectral Score Smoothing (SSS), an FFT-based global filtering strategy designed to suppress high-frequency noise and recover smooth global trends from importance scores, ensuring more balanced token selection with unprecedented precision. Extensive evaluations across multiple LALMs, including Qwen and Gemma series, demonstrate that AudioKV significantly outperforms baselines while enhancing computational efficiency. Notably, at a 40% compression ratio, AudioKV maintains near-full accuracy on Qwen3-Omni-30B with only a 0.45% drop, whereas traditional methods suffer from catastrophic performance degradation and repetition. Our code will be released after acceptance.",['cs.SD'],2026-04-08T05:20:39+00:00,https://arxiv.org/pdf/2604.06694v1,arxiv://2604.06694v1,30,30
